{"version": 2, "width": 188, "height": 40, "timestamp": 1544218117, "env": {"SHELL": "/usr/local/bin/zsh", "TERM": "xterm-256color"}}
[0.053801, "o", "\u001b[32m$ \u001b[m"]
[0.057439, "o", "c"]
[0.238906, "o", "h"]
[0.332578, "o", "a"]
[0.425079, "o", "i"]
[0.516476, "o", "n"]
[0.610813, "o", "k"]
[0.702859, "o", "i"]
[0.792929, "o", "t"]
[0.885568, "o", " "]
[0.976562, "o", "cr"]
[1.066689, "o", "e"]
[1.161269, "o", "a"]
[1.341666, "o", "t"]
[1.436133, "o", "e"]
[1.526534, "o", " "]
[1.61676, "o", "d"]
[1.71074, "o", "e"]
[1.802885, "o", "m"]
[1.897439, "o", "o"]
[1.9879, "o", "ap"]
[2.080169, "o", "p"]
[2.170998, "o", "\r\n"]
[2.280809, "o", "\u001b[1m\u001b[34m==> \u001b[0m\u001b[1mCreating a new blockchain app in \u001b[1m\u001b[33m~/go/src/github.com/demoapp\u001b[0m\r\n\u001b[0m\u001b[1m\u001b[34m==> \u001b[0m\u001b[1mScaffolding base application\r\n\u001b[0m"]
[2.286993, "o", "\u001b[2m~/go/src/github.com/demoapp\r\n├── .gitignore\r\n├── Dockerfile\r\n├── Gopkg.lock\r\n├── Gopkg.toml\r\n├── app.go\r\n├── chainkit.yml\r\n└── cmd\r\n    ├── demoappcli\r\n    │   └── main.go\r\n    └── demoappd\r\n        └── main.go\r\n\u001b[0m\u001b[1m\u001b[34m==> \u001b[0m\u001b[1mBuilding demoapp\r\n\u001b[0m"]
[2.71829, "o", "\u001b[2m| Sending build context to Docker daemon  50.18kB                                                                                                                                           \u001b[0m\r"]
[2.85154, "o", "\u001b[2m/ Step 1/14 : FROM golang:alpine AS build-env                                                                                                                                               \u001b[0m\r"]
[2.852553, "o", "\u001b[2m- ---> 95ec94706ff6                                                                                                                                                                         \u001b[0m\r"]
[2.852925, "o", "\u001b[2m\\ Step 2/14 : WORKDIR /go/src/github.com/demoapp                                                                                                                                            \u001b[0m\r"]
[2.862088, "o", "\u001b[2m| ---> Using cache                                                                                                                                                                          \u001b[0m\r"]
[2.862466, "o", "\u001b[2m/ ---> 91cf045ac69a                                                                                                                                                                         \u001b[0m\r\u001b[2m[1/4]\u001b[0m 📦 Setting up the build environment...\r\n"]
[2.86269, "o", "\u001b[2m- Step 3/14 : RUN apk add --no-cache curl git &&     curl https://raw.githubusercontent.com/golang/dep/master/install.sh | sh                                                               \u001b[0m\r"]
[2.863446, "o", "\u001b[2m\\ ---> Using cache                                                                                                                                                                          \u001b[0m\r"]
[2.863576, "o", "\u001b[2m| ---> bc6cd176a721                                                                                                                                                                         \u001b[0m\r\u001b[2m/ Step 4/14 : COPY Gopkg.toml Gopkg.lock ./                                                                                                                                                 \u001b[0m\r"]
[2.864227, "o", "\u001b[2m- ---> Using cache                                                                                                                                                                          \u001b[0m\r"]
[2.864666, "o", "\u001b[2m\\ ---> 9520cc0e0b5e                                                                                                                                                                         \u001b[0m\r\u001b[2m[2/4]\u001b[0m 🔎 Fetching dependencies...\r\n"]
[2.8648, "o", "\u001b[2m| Step 5/14 : RUN dep ensure -v --vendor-only                                                                                                                                               \u001b[0m\r"]
[2.865333, "o", "\u001b[2m/ ---> Using cache                                                                                                                                                                          \u001b[0m\r"]
[2.865557, "o", "\u001b[2m- ---> b9d43d40a538                                                                                                                                                                         \u001b[0m\r"]
[2.865715, "o", "\u001b[2m[3/4]\u001b[0m 🔗 Installing dependencies...\r\n"]
[2.865845, "o", "\u001b[2m\\ Step 6/14 : RUN find vendor -maxdepth 2 -mindepth 2 -type d -exec     sh -c 'CGO_ENABLED=0 go build -v -ldflags \"-s -w\" github.com/demoapp/{}/... || true' \\;                             \u001b[0m\r"]
[2.86675, "o", "\u001b[2m| ---> Using cache                                                                                                                                                                          \u001b[0m\r"]
[2.867109, "o", "\u001b[2m/ ---> 4af15d2376ae                                                                                                                                                                         \u001b[0m\r"]
[2.867229, "o", "\u001b[2m- Step 7/14 : COPY . ./                                                                                                                                                                     \u001b[0m\r"]
[2.871054, "o", "\u001b[2m\\ ---> Using cache                                                                                                                                                                          \u001b[0m\r"]
[2.871518, "o", "\u001b[2m| ---> c79f0d6e61b9                                                                                                                                                                         \u001b[0m\r\u001b[2m[4/4]\u001b[0m 🔨 Compiling application...\r\n\u001b[2m/ Step 8/14 : RUN     CGO_ENABLED=0 go build -v -ldflags \"-s -w\" -o build/demoappd ./cmd/demoappd &&     CGO_ENABLED=0 go build -v -ldflags \"-s -w\" -o build/demoappcli ./cmd/demoappcli    \u001b[0m\r"]
[2.87255, "o", "\u001b[2m- ---> Using cache                                                                                                                                                                          \u001b[0m\r"]
[2.872877, "o", "\u001b[2m\\ ---> 87c4955735a3                                                                                                                                                                         \u001b[0m\r"]
[2.873132, "o", "\u001b[2m| Step 9/14 : FROM alpine:edge                                                                                                                                                              \u001b[0m\r"]
[2.873719, "o", "\u001b[2m/ ---> de4761d9f037                                                                                                                                                                         \u001b[0m\r"]
[2.873908, "o", "\u001b[2m- Step 10/14 : RUN apk add --update ca-certificates                                                                                                                                         \u001b[0m\r"]
[2.874733, "o", "\u001b[2m\\ ---> Using cache                                                                                                                                                                          \u001b[0m\r"]
